{
  "type": "panel",
  "name": "Statusmap",
  "id": "flant-statusmap-panel",

  "info": {
    "description": "Statusmap panel for grafana",
    "author": {
      "name": "Flant JSC",
      "url": "http://flant.com"
    },
    "keywords": ["status", "statusmap", "heatmap", "panel"],
    "logos": {
      "small": "img/logo.svg",
      "large": "img/logo.svg"
    },
    "links": [
      {"name": "Github", "url": "https://github.com/flant/grafana-statusmap"},
      {"name": "MIT Licence", "url": "https://github.com/flant/grafana-statusmap/blob/master/LICENSE"},
      {"name": "Developer", "url": "https://flant.com"}
    ],
    "screenshots": [
      {"name": "Panel with light theme", "path": "img/flant-statusmap-panel.png"},
      {"name": "Panel with dark theme", "path": "img/flant-statusmap-panel-dark.png"},
      {"name": "Color mapping", "path": "img/color-mapping.png"},
      {"name": "Queries example", "path": "img/queries-example.png"}
    ],
    "version": "0.4.2",
    "updated": "2021-11-19"
  },

  "dependencies": {
    "grafanaDependency": ">=5.4.3",
    "grafanaVersion": "5.4.x",
    "plugins": [ ]
  }
}
